{"stats":{"minecraft:picked_up":{"minecraft:cherry_sapling":1,"minecraft:oak_log":2,"minecraft:oak_planks":3},"minecraft:custom":{"minecraft:jump":80,"minecraft:crouch_one_cm":139,"minecraft:time_since_rest":14923,"minecraft:damage_taken":75,"minecraft:leave_game":3,"minecraft:play_time":14923,"minecraft:sprint_one_cm":10051,"minecraft:time_since_death":14923,"minecraft:walk_one_cm":3833,"minecraft:sneak_time":149,"minecraft:total_world_time":14923,"minecraft:fall_one_cm":836,"minecraft:fly_one_cm":52601},"minecraft:crafted":{"minecraft:oak_planks":8,"minecraft:stick":4},"minecraft:used":{"minecraft:oak_planks":9,"minecraft:cherry_sapling":1},"minecraft:mined":{"minecraft:grass":10,"minecraft:oak_log":2,"minecraft:oak_planks":3,"minecraft:cherry_leaves":12}},"DataVersion":3465}