{"stats":{"minecraft:picked_up":{"minecraft:cherry_sapling":1,"minecraft:oak_log":2,"minecraft:oak_planks":3},"minecraft:mined":{"minecraft:grass":10,"minecraft:oak_log":2,"minecraft:oak_planks":3,"minecraft:cherry_leaves":12},"minecraft:crafted":{"minecraft:oak_planks":8,"minecraft:stick":4},"minecraft:used":{"minecraft:cherry_sapling":1,"minecraft:oak_planks":9},"minecraft:custom":{"minecraft:jump":81,"minecraft:time_since_rest":17121,"minecraft:damage_taken":75,"minecraft:leave_game":3,"minecraft:crouch_one_cm":139,"minecraft:play_time":17121,"minecraft:sprint_one_cm":10051,"minecraft:time_since_death":17121,"minecraft:walk_one_cm":4211,"minecraft:total_world_time":17121,"minecraft:sneak_time":149,"minecraft:fall_one_cm":836,"minecraft:fly_one_cm":53149}},"DataVersion":3465}