{"stats":{"minecraft:picked_up":{"minecraft:cherry_sapling":1,"minecraft:oak_log":2},"minecraft:custom":{"minecraft:jump":61,"minecraft:time_since_rest":4372,"minecraft:leave_game":1,"minecraft:damage_taken":75,"minecraft:sprint_one_cm":8320,"minecraft:play_time":4372,"minecraft:time_since_death":4372,"minecraft:walk_one_cm":1868,"minecraft:sneak_time":38,"minecraft:total_world_time":4372,"minecraft:fall_one_cm":836,"minecraft:fly_one_cm":12867},"minecraft:crafted":{"minecraft:oak_planks":8},"minecraft:used":{"minecraft:oak_planks":6},"minecraft:mined":{"minecraft:grass":10,"minecraft:oak_log":2,"minecraft:cherry_leaves":6}},"DataVersion":3465}